ID,name
1,Nayda
2,Dexter
3,Haley
4,Maxine
5,Amena
6,Violet
7,Clark
8,Harriet
9,Chaney
10,Russell
11,Nadine
12,Martha
13,Ayanna
14,Harrison
15,Shellie
16,Bo
17,Dakota
18,Kiayada
19,Stephanie
20,Rhonda
21,Drake
22,Bevis
23,Xantha
24,Samantha
25,April
26,Xanthus
27,Bevis
28,Dacey
29,Maris
30,Wyatt
31,Justin
32,Camilla
33,Maya
34,Nathaniel
35,Risa
36,Camden
37,Yolanda
38,Isaac
39,Latifah
40,Hayley
41,Gregory
42,Jerome
43,Robin
44,Lacy
45,Tyrone
46,Keely
47,Rafael
48,Anjolie
49,Stacey
50,Dacey
51,Zenia
52,Simone
53,Brandon
54,Lucy
55,Mariko
56,Emi
57,Jelani
58,Kennedy
59,Kaseem
60,Lyle
61,Tallulah
62,Lydia
63,Emi
64,Anthony
65,Griffith
66,Harper
67,Avye
68,Kiona
69,Shaeleigh
70,Malik
71,Lev
72,Mary
73,Jana
74,Abel
75,Leo
76,Erin
77,Cassandra
78,Kenyon
79,Kim
80,Ulric
81,Walter
82,Chandler
83,Emery
84,Liberty
85,Juliet
86,Athena
87,Alisa
88,Lysandra
89,Joan
90,Bradley
91,Hiroko
92,Jeremy
93,Stuart
94,Dexter
95,Xerxes
96,Josiah
97,Imelda
98,Benjamin
99,Ivy
100,Kato